area_code,area,segment,year,rent_burden_forecast,ci_lower,ci_upper,slope,above_30_forecast
E06000001,Hartlepool,Always affordable,2026,0.1343,0.122,0.1466,-0.006429,False
E06000001,Hartlepool,Always affordable,2027,0.1279,0.1156,0.1401,-0.006429,False
E06000001,Hartlepool,Always affordable,2028,0.1214,0.1092,0.1337,-0.006429,False
E06000002,Middlesbrough,Always affordable,2026,0.1571,0.15,0.1643,-0.000714,False
E06000002,Middlesbrough,Always affordable,2027,0.1564,0.1493,0.1635,-0.000714,False
E06000002,Middlesbrough,Always affordable,2028,0.1557,0.1486,0.1628,-0.000714,False
E06000003,Redcar and Cleveland,Always affordable,2026,0.158,0.1399,0.176,-0.003292,False
E06000003,Redcar and Cleveland,Always affordable,2027,0.1547,0.1366,0.1727,-0.003292,False
E06000003,Redcar and Cleveland,Always affordable,2028,0.1514,0.1333,0.1694,-0.003292,False
E06000004,Stockton-on-Tees,Always affordable,2026,0.1614,0.1557,0.1671,-0.001071,False
E06000004,Stockton-on-Tees,Always affordable,2027,0.1604,0.1546,0.1661,-0.001071,False
E06000004,Stockton-on-Tees,Always affordable,2028,0.1593,0.1536,0.165,-0.001071,False
E06000005,Darlington,Always affordable,2026,0.1524,0.1478,0.1569,0.001429,False
E06000005,Darlington,Always affordable,2027,0.1538,0.1492,0.1584,0.001429,False
E06000005,Darlington,Always affordable,2028,0.1552,0.1507,0.1598,0.001429,False
E06000006,Halton,Always affordable,2026,0.1614,0.1518,0.1711,0.000357,False
E06000006,Halton,Always affordable,2027,0.1618,0.1522,0.1714,0.000357,False
E06000006,Halton,Always affordable,2028,0.1621,0.1525,0.1718,0.000357,False
E06000007,Warrington,Always affordable,2026,0.2014,0.1929,0.21,0.007143,False
E06000007,Warrington,Always affordable,2027,0.2086,0.2,0.2171,0.007143,False
E06000007,Warrington,Always affordable,2028,0.2157,0.2071,0.2243,0.007143,False
E06000008,Blackburn with Darwen,Always affordable,2026,0.1843,0.1711,0.1974,0.005357,False
E06000008,Blackburn with Darwen,Always affordable,2027,0.1896,0.1765,0.2028,0.005357,False
E06000008,Blackburn with Darwen,Always affordable,2028,0.195,0.1818,0.2082,0.005357,False
E06000009,Blackpool,Always affordable,2026,0.1586,0.1435,0.1737,-0.002857,False
E06000009,Blackpool,Always affordable,2027,0.1557,0.1406,0.1708,-0.002857,False
E06000009,Blackpool,Always affordable,2028,0.1529,0.1378,0.1679,-0.002857,False
E06000010,"Kingston upon Hull, City of",Always affordable,2026,0.1743,0.1647,0.1839,0.003214,False
E06000010,"Kingston upon Hull, City of",Always affordable,2027,0.1775,0.1679,0.1871,0.003214,False
E06000010,"Kingston upon Hull, City of",Always affordable,2028,0.1807,0.1711,0.1903,0.003214,False
E06000011,East Riding of Yorkshire,Always affordable,2026,0.1471,0.139,0.1553,-0.001429,False
E06000011,East Riding of Yorkshire,Always affordable,2027,0.1457,0.1375,0.1539,-0.001429,False
E06000011,East Riding of Yorkshire,Always affordable,2028,0.1443,0.1361,0.1525,-0.001429,False
E06000012,North East Lincolnshire,Always affordable,2026,0.1379,0.127,0.1488,-0.004907,False
E06000012,North East Lincolnshire,Always affordable,2027,0.133,0.1221,0.1439,-0.004907,False
E06000012,North East Lincolnshire,Always affordable,2028,0.1281,0.1171,0.139,-0.004907,False
E06000013,North Lincolnshire,Always affordable,2026,0.1486,0.1397,0.1575,0.001071,False
E06000013,North Lincolnshire,Always affordable,2027,0.1496,0.1407,0.1586,0.001071,False
E06000013,North Lincolnshire,Always affordable,2028,0.1507,0.1418,0.1596,0.001071,False
E06000014,York,Always affordable,2026,0.2671,0.2481,0.2861,0.01,False
E06000014,York,Always affordable,2027,0.2771,0.2581,0.2961,0.01,False
E06000014,York,Always affordable,2028,0.2871,0.2681,0.3061,0.01,False
E06000015,Derby,Always affordable,2026,0.2014,0.1835,0.2193,0.012857,False
E06000015,Derby,Always affordable,2027,0.2143,0.1964,0.2322,0.012857,False
E06000015,Derby,Always affordable,2028,0.2271,0.2092,0.2451,0.012857,False
E06000016,Leicester,Always affordable,2026,0.2714,0.2534,0.2894,0.013571,False
E06000016,Leicester,Always affordable,2027,0.285,0.267,0.303,0.013571,False
E06000016,Leicester,Always affordable,2028,0.2986,0.2806,0.3166,0.013571,False
E06000017,Rutland,Always affordable,2026,0.18,0.1661,0.1939,-0.0025,False
E06000017,Rutland,Always affordable,2027,0.1775,0.1636,0.1914,-0.0025,False
E06000017,Rutland,Always affordable,2028,0.175,0.1611,0.1889,-0.0025,False
E06000018,Nottingham,Always affordable,2026,0.2743,0.245,0.3035,0.011786,False
E06000018,Nottingham,Always affordable,2027,0.2861,0.2568,0.3153,0.011786,False
E06000018,Nottingham,Always affordable,2028,0.2979,0.2686,0.3271,0.011786,False
E06000019,"Herefordshire, County of",Always affordable,2026,0.1986,0.1904,0.2067,-0.0,False
E06000019,"Herefordshire, County of",Always affordable,2027,0.1986,0.1904,0.2067,-0.0,False
E06000019,"Herefordshire, County of",Always affordable,2028,0.1986,0.1904,0.2067,-0.0,False
E06000020,Telford and Wrekin,Always affordable,2026,0.19,0.1741,0.2059,0.005357,False
E06000020,Telford and Wrekin,Always affordable,2027,0.1954,0.1794,0.2113,0.005357,False
E06000020,Telford and Wrekin,Always affordable,2028,0.2007,0.1848,0.2166,0.005357,False
E06000021,Stoke-on-Trent,Always affordable,2026,0.1786,0.1704,0.1867,0.003214,False
E06000021,Stoke-on-Trent,Always affordable,2027,0.1818,0.1737,0.1899,0.003214,False
E06000021,Stoke-on-Trent,Always affordable,2028,0.185,0.1769,0.1931,0.003214,False
E06000022,Bath and North East Somerset,Deteriorating,2026,0.34,0.3271,0.3529,0.011429,True
E06000022,Bath and North East Somerset,Deteriorating,2027,0.3514,0.3385,0.3644,0.011429,True
E06000022,Bath and North East Somerset,Deteriorating,2028,0.3629,0.3499,0.3758,0.011429,True
E06000023,"Bristol, City of",Deteriorating,2026,0.3786,0.3584,0.3987,0.020357,True
E06000023,"Bristol, City of",Deteriorating,2027,0.3989,0.3788,0.4191,0.020357,True
E06000023,"Bristol, City of",Deteriorating,2028,0.4193,0.3991,0.4395,0.020357,True
E06000024,North Somerset,Always affordable,2026,0.2414,0.2251,0.2578,0.003929,False
E06000024,North Somerset,Always affordable,2027,0.2454,0.229,0.2617,0.003929,False
E06000024,North Somerset,Always affordable,2028,0.2493,0.233,0.2656,0.003929,False
E06000025,South Gloucestershire,Always affordable,2026,0.2929,0.2777,0.308,0.016429,False
E06000025,South Gloucestershire,Always affordable,2027,0.3093,0.2941,0.3245,0.016429,True
E06000025,South Gloucestershire,Always affordable,2028,0.3257,0.3105,0.3409,0.016429,True
E06000026,Plymouth,Always affordable,2026,0.2386,0.2306,0.2465,0.009286,False
E06000026,Plymouth,Always affordable,2027,0.2479,0.2399,0.2558,0.009286,False
E06000026,Plymouth,Always affordable,2028,0.2571,0.2492,0.2651,0.009286,False
E06000027,Torbay,Always affordable,2026,0.2314,0.2114,0.2514,0.006071,False
E06000027,Torbay,Always affordable,2027,0.2375,0.2175,0.2575,0.006071,False
E06000027,Torbay,Always affordable,2028,0.2436,0.2236,0.2636,0.006071,False
E06000030,Swindon,Always affordable,2026,0.2371,0.2242,0.25,0.006071,False
E06000030,Swindon,Always affordable,2027,0.2432,0.2303,0.2561,0.006071,False
E06000030,Swindon,Always affordable,2028,0.2493,0.2364,0.2622,0.006071,False
E06000031,Peterborough,Always affordable,2026,0.2143,0.1972,0.2313,0.002143,False
E06000031,Peterborough,Always affordable,2027,0.2164,0.1994,0.2335,0.002143,False
E06000031,Peterborough,Always affordable,2028,0.2186,0.2015,0.2356,0.002143,False
E06000032,Luton,Always affordable,2026,0.3171,0.2943,0.34,0.021429,True
E06000032,Luton,Always affordable,2027,0.3386,0.3157,0.3614,0.021429,True
E06000032,Luton,Always affordable,2028,0.36,0.3372,0.3828,0.021429,True
E06000033,Southend-on-Sea,Always affordable,2026,0.2443,0.2214,0.2672,0.002143,False
E06000033,Southend-on-Sea,Always affordable,2027,0.2464,0.2235,0.2693,0.002143,False
E06000033,Southend-on-Sea,Always affordable,2028,0.2486,0.2257,0.2715,0.002143,False
E06000034,Thurrock,Always affordable,2026,0.2471,0.2396,0.2547,-0.002143,False
E06000034,Thurrock,Always affordable,2027,0.245,0.2375,0.2525,-0.002143,False
E06000034,Thurrock,Always affordable,2028,0.2429,0.2353,0.2504,-0.002143,False
E06000035,Medway,Always affordable,2026,0.27,0.2603,0.2797,0.01,False
E06000035,Medway,Always affordable,2027,0.28,0.2703,0.2897,0.01,False
E06000035,Medway,Always affordable,2028,0.29,0.2803,0.2997,0.01,False
E06000036,Bracknell Forest,Always affordable,2026,0.2929,0.273,0.3127,0.015714,False
E06000036,Bracknell Forest,Always affordable,2027,0.3086,0.2887,0.3284,0.015714,True
E06000036,Bracknell Forest,Always affordable,2028,0.3243,0.3044,0.3441,0.015714,True
E06000037,West Berkshire,Always affordable,2026,0.2371,0.2196,0.2547,0.006071,False
E06000037,West Berkshire,Always affordable,2027,0.2432,0.2257,0.2607,0.006071,False
E06000037,West Berkshire,Always affordable,2028,0.2493,0.2318,0.2668,0.006071,False
E06000038,Reading,Deteriorating,2026,0.3157,0.2898,0.3416,0.015,True
E06000038,Reading,Deteriorating,2027,0.3307,0.3048,0.3566,0.015,True
E06000038,Reading,Deteriorating,2028,0.3457,0.3198,0.3716,0.015,True
E06000039,Slough,Deteriorating,2026,0.3429,0.3076,0.3781,0.023214,True
E06000039,Slough,Deteriorating,2027,0.3661,0.3308,0.4013,0.023214,True
E06000039,Slough,Deteriorating,2028,0.3893,0.354,0.4245,0.023214,True
E06000040,Windsor and Maidenhead,Deteriorating,2026,0.3186,0.2904,0.3468,0.011786,True
E06000040,Windsor and Maidenhead,Deteriorating,2027,0.3304,0.3022,0.3586,0.011786,True
E06000040,Windsor and Maidenhead,Deteriorating,2028,0.3421,0.3139,0.3703,0.011786,True
E06000041,Wokingham,Always affordable,2026,0.2471,0.2321,0.2622,0.0075,False
E06000041,Wokingham,Always affordable,2027,0.2546,0.2396,0.2697,0.0075,False
E06000041,Wokingham,Always affordable,2028,0.2621,0.2471,0.2772,0.0075,False
E06000042,Milton Keynes,Always affordable,2026,0.2843,0.268,0.3005,0.009286,False
E06000042,Milton Keynes,Always affordable,2027,0.2936,0.2773,0.3098,0.009286,False
E06000042,Milton Keynes,Always affordable,2028,0.3029,0.2866,0.3191,0.009286,True
E06000043,Brighton and Hove,Deteriorating,2026,0.3871,0.3544,0.4198,0.020357,True
E06000043,Brighton and Hove,Deteriorating,2027,0.4075,0.3748,0.4402,0.020357,True
E06000043,Brighton and Hove,Deteriorating,2028,0.4279,0.3952,0.4606,0.020357,True
E06000044,Portsmouth,Always affordable,2026,0.3,0.2814,0.3186,0.015357,True
E06000044,Portsmouth,Always affordable,2027,0.3154,0.2967,0.334,0.015357,True
E06000044,Portsmouth,Always affordable,2028,0.3307,0.3121,0.3493,0.015357,True
E06000045,Southampton,Always affordable,2026,0.29,0.2681,0.3119,0.017143,False
E06000045,Southampton,Always affordable,2027,0.3071,0.2852,0.3291,0.017143,True
E06000045,Southampton,Always affordable,2028,0.3243,0.3023,0.3462,0.017143,True
E06000046,Isle of Wight,Always affordable,2026,0.2379,0.2208,0.2549,0.008214,False
E06000046,Isle of Wight,Always affordable,2027,0.2461,0.2291,0.2631,0.008214,False
E06000046,Isle of Wight,Always affordable,2028,0.2543,0.2373,0.2713,0.008214,False
E06000047,County Durham,Always affordable,2026,0.1414,0.1329,0.15,-0.003929,False
E06000047,County Durham,Always affordable,2027,0.1375,0.129,0.146,-0.003929,False
E06000047,County Durham,Always affordable,2028,0.1336,0.125,0.1421,-0.003929,False
E06000049,Cheshire East,Always affordable,2026,0.19,0.1843,0.1957,-0.001071,False
E06000049,Cheshire East,Always affordable,2027,0.1889,0.1832,0.1946,-0.001071,False
E06000049,Cheshire East,Always affordable,2028,0.1879,0.1821,0.1936,-0.001071,False
E06000050,Cheshire West and Chester,Always affordable,2026,0.2071,0.1968,0.2175,0.007143,False
E06000050,Cheshire West and Chester,Always affordable,2027,0.2143,0.2039,0.2246,0.007143,False
E06000050,Cheshire West and Chester,Always affordable,2028,0.2214,0.2111,0.2318,0.007143,False
E06000051,Shropshire,Always affordable,2026,0.1886,0.1806,0.1965,0.002143,False
E06000051,Shropshire,Always affordable,2027,0.1907,0.1827,0.1987,0.002143,False
E06000051,Shropshire,Always affordable,2028,0.1929,0.1849,0.2008,0.002143,False
E06000052,Cornwall,Always affordable,2026,0.2257,0.2168,0.2347,0.001429,False
E06000052,Cornwall,Always affordable,2027,0.2271,0.2182,0.2361,0.001429,False
E06000052,Cornwall,Always affordable,2028,0.2286,0.2196,0.2375,0.001429,False
E06000054,Wiltshire,Always affordable,2026,0.22,0.205,0.235,0.002143,False
E06000054,Wiltshire,Always affordable,2027,0.2221,0.2072,0.2371,0.002143,False
E06000054,Wiltshire,Always affordable,2028,0.2243,0.2093,0.2393,0.002143,False
E06000055,Bedford,Always affordable,2026,0.2386,0.2211,0.2561,0.0075,False
E06000055,Bedford,Always affordable,2027,0.2461,0.2286,0.2636,0.0075,False
E06000055,Bedford,Always affordable,2028,0.2536,0.2361,0.2711,0.0075,False
E06000056,Central Bedfordshire,Always affordable,2026,0.2271,0.2093,0.245,0.000714,False
E06000056,Central Bedfordshire,Always affordable,2027,0.2279,0.21,0.2457,0.000714,False
E06000056,Central Bedfordshire,Always affordable,2028,0.2286,0.2107,0.2464,0.000714,False
E06000057,Northumberland,Always affordable,2026,0.1357,0.1294,0.142,-0.005714,False
E06000057,Northumberland,Always affordable,2027,0.13,0.1237,0.1363,-0.005714,False
E06000057,Northumberland,Always affordable,2028,0.1243,0.118,0.1306,-0.005714,False
E07000008,Cambridge,Deteriorating,2026,0.3414,0.3263,0.3565,0.012857,True
E07000008,Cambridge,Deteriorating,2027,0.3543,0.3392,0.3694,0.012857,True
E07000008,Cambridge,Deteriorating,2028,0.3671,0.3521,0.3822,0.012857,True
E07000009,East Cambridgeshire,Always affordable,2026,0.2083,0.2036,0.2131,-0.005175,False
E07000009,East Cambridgeshire,Always affordable,2027,0.2032,0.1984,0.2079,-0.005175,False
E07000009,East Cambridgeshire,Always affordable,2028,0.198,0.1932,0.2027,-0.005175,False
E07000010,Fenland,Always affordable,2026,0.2057,0.1894,0.2221,0.001429,False
E07000010,Fenland,Always affordable,2027,0.2071,0.1908,0.2235,0.001429,False
E07000010,Fenland,Always affordable,2028,0.2086,0.1922,0.2249,0.001429,False
E07000011,Huntingdonshire,Always affordable,2026,0.23,0.2192,0.2408,0.005,False
E07000011,Huntingdonshire,Always affordable,2027,0.235,0.2242,0.2458,0.005,False
E07000011,Huntingdonshire,Always affordable,2028,0.24,0.2292,0.2508,0.005,False
E07000012,South Cambridgeshire,Always affordable,2026,0.2586,0.2492,0.2679,0.007143,False
E07000012,South Cambridgeshire,Always affordable,2027,0.2657,0.2564,0.275,0.007143,False
E07000012,South Cambridgeshire,Always affordable,2028,0.2729,0.2635,0.2822,0.007143,False
E07000032,Amber Valley,Always affordable,2026,0.19,0.1727,0.2073,0.005357,False
E07000032,Amber Valley,Always affordable,2027,0.1954,0.178,0.2127,0.005357,False
E07000032,Amber Valley,Always affordable,2028,0.2007,0.1834,0.218,0.005357,False
E07000033,Bolsover,Always affordable,2026,0.1749,0.1427,0.2071,-0.002422,False
E07000033,Bolsover,Always affordable,2027,0.1725,0.1403,0.2047,-0.002422,False
E07000033,Bolsover,Always affordable,2028,0.1701,0.1379,0.2022,-0.002422,False
E07000034,Chesterfield,Always affordable,2026,0.1843,0.1664,0.2022,0.001071,False
E07000034,Chesterfield,Always affordable,2027,0.1854,0.1675,0.2033,0.001071,False
E07000034,Chesterfield,Always affordable,2028,0.1864,0.1685,0.2043,0.001071,False
E07000035,Derbyshire Dales,Always affordable,2026,0.1557,0.1394,0.1721,-0.008571,False
E07000035,Derbyshire Dales,Always affordable,2027,0.1471,0.1308,0.1635,-0.008571,False
E07000035,Derbyshire Dales,Always affordable,2028,0.1386,0.1222,0.1549,-0.008571,False
E07000036,Erewash,Always affordable,2026,0.1771,0.1637,0.1905,-0.0025,False
E07000036,Erewash,Always affordable,2027,0.1746,0.1612,0.188,-0.0025,False
E07000036,Erewash,Always affordable,2028,0.1721,0.1587,0.1855,-0.0025,False
E07000037,High Peak,Always affordable,2026,0.2043,0.1947,0.2139,0.003214,False
E07000037,High Peak,Always affordable,2027,0.2075,0.1979,0.2171,0.003214,False
E07000037,High Peak,Always affordable,2028,0.2107,0.2011,0.2203,0.003214,False
E07000038,North East Derbyshire,Always affordable,2026,0.1786,0.1742,0.183,-0.001786,False
E07000038,North East Derbyshire,Always affordable,2027,0.1768,0.1724,0.1812,-0.001786,False
E07000038,North East Derbyshire,Always affordable,2028,0.175,0.1706,0.1794,-0.001786,False
E07000039,South Derbyshire,Always affordable,2026,0.1729,0.1643,0.1814,-0.001071,False
E07000039,South Derbyshire,Always affordable,2027,0.1718,0.1633,0.1803,-0.001071,False
E07000039,South Derbyshire,Always affordable,2028,0.1707,0.1622,0.1792,-0.001071,False
E07000040,East Devon,Always affordable,2026,0.1912,0.1808,0.2016,-0.001786,False
E07000040,East Devon,Always affordable,2027,0.1894,0.179,0.1998,-0.001786,False
E07000040,East Devon,Always affordable,2028,0.1876,0.1772,0.198,-0.001786,False
E07000041,Exeter,Deteriorating,2026,0.3171,0.3037,0.3305,0.015714,True
E07000041,Exeter,Deteriorating,2027,0.3329,0.3195,0.3463,0.015714,True
E07000041,Exeter,Deteriorating,2028,0.3486,0.3352,0.362,0.015714,True
E07000042,Mid Devon,Always affordable,2026,0.21,0.1956,0.2244,0.005357,False
E07000042,Mid Devon,Always affordable,2027,0.2154,0.201,0.2297,0.005357,False
E07000042,Mid Devon,Always affordable,2028,0.2207,0.2063,0.2351,0.005357,False
E07000043,North Devon,Always affordable,2026,0.2214,0.2122,0.2307,0.007143,False
E07000043,North Devon,Always affordable,2027,0.2286,0.2193,0.2378,0.007143,False
E07000043,North Devon,Always affordable,2028,0.2357,0.2265,0.245,0.007143,False
E07000044,South Hams,Always affordable,2026,0.2271,0.2082,0.2461,-0.003571,False
E07000044,South Hams,Always affordable,2027,0.2236,0.2047,0.2425,-0.003571,False
E07000044,South Hams,Always affordable,2028,0.22,0.2011,0.2389,-0.003571,False
E07000045,Teignbridge,Always affordable,2026,0.2271,0.2003,0.254,-0.001429,False
E07000045,Teignbridge,Always affordable,2027,0.2257,0.1988,0.2526,-0.001429,False
E07000045,Teignbridge,Always affordable,2028,0.2243,0.1974,0.2512,-0.001429,False
E07000046,Torridge,Always affordable,2026,0.188,0.1833,0.1927,-0.002,False
E07000046,Torridge,Always affordable,2027,0.186,0.1813,0.1907,-0.002,False
E07000046,Torridge,Always affordable,2028,0.184,0.1793,0.1887,-0.002,False
E07000047,West Devon,Always affordable,2026,0.1829,0.1457,0.2201,-0.006071,False
E07000047,West Devon,Always affordable,2027,0.1768,0.1396,0.214,-0.006071,False
E07000047,West Devon,Always affordable,2028,0.1707,0.1335,0.2079,-0.006071,False
E07000061,Eastbourne,Always affordable,2026,0.2829,0.2711,0.2946,0.010714,False
E07000061,Eastbourne,Always affordable,2027,0.2936,0.2819,0.3053,0.010714,False
E07000061,Eastbourne,Always affordable,2028,0.3043,0.2926,0.316,0.010714,True
E07000062,Hastings,Always affordable,2026,0.2571,0.2374,0.2768,0.007143,False
E07000062,Hastings,Always affordable,2027,0.2643,0.2446,0.284,0.007143,False
E07000062,Hastings,Always affordable,2028,0.2714,0.2517,0.2911,0.007143,False
E07000063,Lewes,Always affordable,2026,0.2689,0.2513,0.2864,0.000932,False
E07000063,Lewes,Always affordable,2027,0.2698,0.2523,0.2874,0.000932,False
E07000063,Lewes,Always affordable,2028,0.2707,0.2532,0.2883,0.000932,False
E07000064,Rother,Always affordable,2026,0.27,0.2433,0.2967,0.007143,False
E07000064,Rother,Always affordable,2027,0.2771,0.2504,0.3039,0.007143,False
E07000064,Rother,Always affordable,2028,0.2843,0.2575,0.311,0.007143,False
E07000065,Wealden,Deteriorating,2026,0.2871,0.2521,0.3222,0.005714,False
E07000065,Wealden,Deteriorating,2027,0.2929,0.2578,0.3279,0.005714,False
E07000065,Wealden,Deteriorating,2028,0.2986,0.2635,0.3336,0.005714,False
E07000066,Basildon,Always affordable,2026,0.2886,0.2692,0.3079,0.009643,False
E07000066,Basildon,Always affordable,2027,0.2982,0.2789,0.3175,0.009643,False
E07000066,Basildon,Always affordable,2028,0.3079,0.2885,0.3272,0.009643,True
E07000067,Braintree,Always affordable,2026,0.2571,0.2263,0.288,0.007143,False
E07000067,Braintree,Always affordable,2027,0.2643,0.2335,0.2951,0.007143,False
E07000067,Braintree,Always affordable,2028,0.2714,0.2406,0.3022,0.007143,False
E07000068,Brentwood,Always affordable,2026,0.2661,0.2502,0.2821,-0.000143,False
E07000068,Brentwood,Always affordable,2027,0.266,0.25,0.282,-0.000143,False
E07000068,Brentwood,Always affordable,2028,0.2659,0.2499,0.2818,-0.000143,False
E07000069,Castle Point,Deteriorating,2026,0.2571,0.2271,0.2872,-0.009006,False
E07000069,Castle Point,Deteriorating,2027,0.2481,0.2181,0.2782,-0.009006,False
E07000069,Castle Point,Deteriorating,2028,0.2391,0.2091,0.2692,-0.009006,False
E07000070,Chelmsford,Always affordable,2026,0.2971,0.2737,0.3206,0.012143,False
E07000070,Chelmsford,Always affordable,2027,0.3093,0.2858,0.3328,0.012143,True
E07000070,Chelmsford,Always affordable,2028,0.3214,0.2979,0.3449,0.012143,True
E07000071,Colchester,Always affordable,2026,0.2357,0.2269,0.2445,0.003571,False
E07000071,Colchester,Always affordable,2027,0.2393,0.2305,0.2481,0.003571,False
E07000071,Colchester,Always affordable,2028,0.2429,0.2341,0.2516,0.003571,False
E07000072,Epping Forest,Deteriorating,2026,0.2886,0.2643,0.3128,-0.0025,False
E07000072,Epping Forest,Deteriorating,2027,0.2861,0.2618,0.3103,-0.0025,False
E07000072,Epping Forest,Deteriorating,2028,0.2836,0.2593,0.3078,-0.0025,False
E07000073,Harlow,Always affordable,2026,0.3157,0.2962,0.3352,0.008571,True
E07000073,Harlow,Always affordable,2027,0.3243,0.3048,0.3438,0.008571,True
E07000073,Harlow,Always affordable,2028,0.3329,0.3133,0.3524,0.008571,True
E07000074,Maldon,Always affordable,2026,0.222,0.1996,0.2444,-0.008,False
E07000074,Maldon,Always affordable,2027,0.214,0.1916,0.2364,-0.008,False
E07000074,Maldon,Always affordable,2028,0.206,0.1836,0.2284,-0.008,False
E07000075,Rochford,Always affordable,2026,0.2457,0.2254,0.2661,0.004286,False
E07000075,Rochford,Always affordable,2027,0.25,0.2296,0.2704,0.004286,False
E07000075,Rochford,Always affordable,2028,0.2543,0.2339,0.2746,0.004286,False
E07000076,Tendring,Always affordable,2026,0.2174,0.2004,0.2343,-0.001071,False
E07000076,Tendring,Always affordable,2027,0.2163,0.1994,0.2333,-0.001071,False
E07000076,Tendring,Always affordable,2028,0.2152,0.1983,0.2322,-0.001071,False
E07000077,Uttlesford,Always affordable,2026,0.222,0.1979,0.2461,-0.004,False
E07000077,Uttlesford,Always affordable,2027,0.218,0.1939,0.2421,-0.004,False
E07000077,Uttlesford,Always affordable,2028,0.214,0.1899,0.2381,-0.004,False
E07000078,Cheltenham,Always affordable,2026,0.2543,0.2441,0.2645,0.012143,False
E07000078,Cheltenham,Always affordable,2027,0.2664,0.2562,0.2766,0.012143,False
E07000078,Cheltenham,Always affordable,2028,0.2786,0.2684,0.2888,0.012143,False
E07000079,Cotswold,Always affordable,2026,0.2353,0.2012,0.2695,-0.005143,False
E07000079,Cotswold,Always affordable,2027,0.2302,0.196,0.2643,-0.005143,False
E07000079,Cotswold,Always affordable,2028,0.225,0.1909,0.2592,-0.005143,False
E07000080,Forest of Dean,Always affordable,2026,0.1644,0.154,0.1748,-0.007429,False
E07000080,Forest of Dean,Always affordable,2027,0.157,0.1466,0.1674,-0.007429,False
E07000080,Forest of Dean,Always affordable,2028,0.1496,0.1392,0.16,-0.007429,False
E07000081,Gloucester,Always affordable,2026,0.2443,0.2317,0.2568,0.010714,False
E07000081,Gloucester,Always affordable,2027,0.255,0.2425,0.2675,0.010714,False
E07000081,Gloucester,Always affordable,2028,0.2657,0.2532,0.2783,0.010714,False
E07000082,Stroud,Always affordable,2026,0.2314,0.2257,0.2371,0.008929,False
E07000082,Stroud,Always affordable,2027,0.2404,0.2346,0.2461,0.008929,False
E07000082,Stroud,Always affordable,2028,0.2493,0.2436,0.255,0.008929,False
E07000083,Tewkesbury,Always affordable,2026,0.2143,0.2055,0.2231,0.009286,False
E07000083,Tewkesbury,Always affordable,2027,0.2236,0.2148,0.2323,0.009286,False
E07000083,Tewkesbury,Always affordable,2028,0.2329,0.2241,0.2416,0.009286,False
E07000084,Basingstoke and Deane,Always affordable,2026,0.2443,0.2176,0.271,0.008929,False
E07000084,Basingstoke and Deane,Always affordable,2027,0.2532,0.2265,0.2799,0.008929,False
E07000084,Basingstoke and Deane,Always affordable,2028,0.2621,0.2354,0.2889,0.008929,False
E07000085,East Hampshire,Always affordable,2026,0.284,0.2759,0.2921,0.006,False
E07000085,East Hampshire,Always affordable,2027,0.29,0.2819,0.2981,0.006,False
E07000085,East Hampshire,Always affordable,2028,0.296,0.2879,0.3041,0.006,False
E07000086,Eastleigh,Always affordable,2026,0.2471,0.2308,0.2635,0.01,False
E07000086,Eastleigh,Always affordable,2027,0.2571,0.2408,0.2735,0.01,False
E07000086,Eastleigh,Always affordable,2028,0.2671,0.2508,0.2835,0.01,False
E07000087,Fareham,Always affordable,2026,0.24,0.2245,0.2555,0.004286,False
E07000087,Fareham,Always affordable,2027,0.2443,0.2288,0.2598,0.004286,False
E07000087,Fareham,Always affordable,2028,0.2486,0.2331,0.2641,0.004286,False
E07000088,Gosport,Always affordable,2026,0.2514,0.2279,0.275,0.005714,False
E07000088,Gosport,Always affordable,2027,0.2571,0.2336,0.2807,0.005714,False
E07000088,Gosport,Always affordable,2028,0.2629,0.2393,0.2864,0.005714,False
E07000089,Hart,Always affordable,2026,0.25,0.2313,0.2687,0.005,False
E07000089,Hart,Always affordable,2027,0.255,0.2363,0.2737,0.005,False
E07000089,Hart,Always affordable,2028,0.26,0.2413,0.2787,0.005,False
E07000090,Havant,Always affordable,2026,0.2686,0.2396,0.2975,0.006429,False
E07000090,Havant,Always affordable,2027,0.275,0.246,0.304,0.006429,False
E07000090,Havant,Always affordable,2028,0.2814,0.2525,0.3104,0.006429,False
E07000091,New Forest,Always affordable,2026,0.2657,0.242,0.2894,0.006786,False
E07000091,New Forest,Always affordable,2027,0.2725,0.2488,0.2962,0.006786,False
E07000091,New Forest,Always affordable,2028,0.2793,0.2556,0.303,0.006786,False
E07000092,Rushmoor,Always affordable,2026,0.3024,0.2979,0.307,0.016571,True
E07000092,Rushmoor,Always affordable,2027,0.319,0.3145,0.3235,0.016571,True
E07000092,Rushmoor,Always affordable,2028,0.3356,0.331,0.3401,0.016571,True
E07000093,Test Valley,Always affordable,2026,0.2557,0.2372,0.2743,0.005,False
E07000093,Test Valley,Always affordable,2027,0.2607,0.2422,0.2793,0.005,False
E07000093,Test Valley,Always affordable,2028,0.2657,0.2472,0.2843,0.005,False
E07000094,Winchester,Always affordable,2026,0.281,0.2657,0.2963,0.009,False
E07000094,Winchester,Always affordable,2027,0.29,0.2747,0.3053,0.009,False
E07000094,Winchester,Always affordable,2028,0.299,0.2837,0.3143,0.009,False
E07000095,Broxbourne,Deteriorating,2026,0.2743,0.2503,0.2982,-0.003214,False
E07000095,Broxbourne,Deteriorating,2027,0.2711,0.2471,0.295,-0.003214,False
E07000095,Broxbourne,Deteriorating,2028,0.2679,0.2439,0.2918,-0.003214,False
E07000096,Dacorum,Deteriorating,2026,0.31,0.2792,0.3408,0.003214,True
E07000096,Dacorum,Deteriorating,2027,0.3132,0.2824,0.344,0.003214,True
E07000096,Dacorum,Deteriorating,2028,0.3164,0.2856,0.3472,0.003214,True
E07000098,Hertsmere,Improving,2026,0.315,0.2936,0.3364,0.001842,True
E07000098,Hertsmere,Improving,2027,0.3168,0.2954,0.3383,0.001842,True
E07000098,Hertsmere,Improving,2028,0.3187,0.2972,0.3401,0.001842,True
E07000099,North Hertfordshire,Always affordable,2026,0.2607,0.2449,0.2765,0.008929,False
E07000099,North Hertfordshire,Always affordable,2027,0.2696,0.2538,0.2855,0.008929,False
E07000099,North Hertfordshire,Always affordable,2028,0.2786,0.2627,0.2944,0.008929,False
E07000102,Three Rivers,Deteriorating,2026,0.31,0.2709,0.3491,0.0,True
E07000102,Three Rivers,Deteriorating,2027,0.31,0.2709,0.3491,0.0,True
E07000102,Three Rivers,Deteriorating,2028,0.31,0.2709,0.3491,0.0,True
E07000103,Watford,Deteriorating,2026,0.3671,0.3374,0.3968,0.0125,True
E07000103,Watford,Deteriorating,2027,0.3796,0.3499,0.4093,0.0125,True
E07000103,Watford,Deteriorating,2028,0.3921,0.3624,0.4218,0.0125,True
E07000105,Ashford,Always affordable,2026,0.2971,0.2831,0.3112,0.015,False
E07000105,Ashford,Always affordable,2027,0.3121,0.2981,0.3262,0.015,True
E07000105,Ashford,Always affordable,2028,0.3271,0.3131,0.3412,0.015,True
E07000106,Canterbury,Always affordable,2026,0.2757,0.2617,0.2898,0.006429,False
E07000106,Canterbury,Always affordable,2027,0.2821,0.2681,0.2962,0.006429,False
E07000106,Canterbury,Always affordable,2028,0.2886,0.2745,0.3026,0.006429,False
E07000107,Dartford,Always affordable,2026,0.3,0.28,0.32,0.011429,False
E07000107,Dartford,Always affordable,2027,0.3114,0.2914,0.3315,0.011429,True
E07000107,Dartford,Always affordable,2028,0.3229,0.3028,0.3429,0.011429,True
E07000108,Dover,Always affordable,2026,0.2048,0.1966,0.213,0.005963,False
E07000108,Dover,Always affordable,2027,0.2108,0.2026,0.219,0.005963,False
E07000108,Dover,Always affordable,2028,0.2168,0.2086,0.225,0.005963,False
E07000109,Gravesham,Always affordable,2026,0.2514,0.2368,0.266,0.006071,False
E07000109,Gravesham,Always affordable,2027,0.2575,0.2429,0.2721,0.006071,False
E07000109,Gravesham,Always affordable,2028,0.2636,0.249,0.2782,0.006071,False
E07000110,Maidstone,Always affordable,2026,0.3014,0.2811,0.3218,0.012857,True
E07000110,Maidstone,Always affordable,2027,0.3143,0.2939,0.3346,0.012857,True
E07000110,Maidstone,Always affordable,2028,0.3271,0.3068,0.3475,0.012857,True
E07000111,Sevenoaks,Deteriorating,2026,0.3443,0.302,0.3866,0.006786,True
E07000111,Sevenoaks,Deteriorating,2027,0.3511,0.3087,0.3934,0.006786,True
E07000111,Sevenoaks,Deteriorating,2028,0.3579,0.3155,0.4002,0.006786,True
E07000112,Folkestone and Hythe,Always affordable,2026,0.2263,0.2,0.2526,0.00472,False
E07000112,Folkestone and Hythe,Always affordable,2027,0.2311,0.2047,0.2574,0.00472,False
E07000112,Folkestone and Hythe,Always affordable,2028,0.2358,0.2095,0.2621,0.00472,False
E07000113,Swale,Always affordable,2026,0.2429,0.2203,0.2654,-0.000357,False
E07000113,Swale,Always affordable,2027,0.2425,0.22,0.265,-0.000357,False
E07000113,Swale,Always affordable,2028,0.2421,0.2196,0.2647,-0.000357,False
E07000114,Thanet,Always affordable,2026,0.2543,0.2377,0.2708,0.005714,False
E07000114,Thanet,Always affordable,2027,0.26,0.2434,0.2766,0.005714,False
E07000114,Thanet,Always affordable,2028,0.2657,0.2492,0.2823,0.005714,False
E07000115,Tonbridge and Malling,Deteriorating,2026,0.3087,0.2827,0.3347,0.008286,True
E07000115,Tonbridge and Malling,Deteriorating,2027,0.317,0.291,0.343,0.008286,True
E07000115,Tonbridge and Malling,Deteriorating,2028,0.3253,0.2993,0.3513,0.008286,True
E07000116,Tunbridge Wells,Always affordable,2026,0.2696,0.2406,0.2986,0.004429,False
E07000116,Tunbridge Wells,Always affordable,2027,0.274,0.245,0.303,0.004429,False
E07000116,Tunbridge Wells,Always affordable,2028,0.2784,0.2494,0.3074,0.004429,False
E07000117,Burnley,Always affordable,2026,0.1529,0.1436,0.1621,-0.005357,False
E07000117,Burnley,Always affordable,2027,0.1475,0.1382,0.1568,-0.005357,False
E07000117,Burnley,Always affordable,2028,0.1421,0.1329,0.1514,-0.005357,False
E07000118,Chorley,Always affordable,2026,0.1671,0.1547,0.1795,-0.002857,False
E07000118,Chorley,Always affordable,2027,0.1643,0.1519,0.1767,-0.002857,False
E07000118,Chorley,Always affordable,2028,0.1614,0.149,0.1738,-0.002857,False
E07000119,Fylde,Always affordable,2026,0.1657,0.1584,0.173,0.005714,False
E07000119,Fylde,Always affordable,2027,0.1714,0.1641,0.1787,0.005714,False
E07000119,Fylde,Always affordable,2028,0.1771,0.1698,0.1845,0.005714,False
E07000120,Hyndburn,Always affordable,2026,0.16,0.1509,0.1691,0.002143,False
E07000120,Hyndburn,Always affordable,2027,0.1621,0.153,0.1713,0.002143,False
E07000120,Hyndburn,Always affordable,2028,0.1643,0.1551,0.1734,0.002143,False
E07000121,Lancaster,Always affordable,2026,0.1814,0.1733,0.1896,-0.003214,False
E07000121,Lancaster,Always affordable,2027,0.1782,0.1701,0.1863,-0.003214,False
E07000121,Lancaster,Always affordable,2028,0.175,0.1669,0.1831,-0.003214,False
E07000122,Pendle,Always affordable,2026,0.1743,0.159,0.1896,-0.0025,False
E07000122,Pendle,Always affordable,2027,0.1718,0.1565,0.1871,-0.0025,False
E07000122,Pendle,Always affordable,2028,0.1693,0.154,0.1846,-0.0025,False
E07000123,Preston,Always affordable,2026,0.17,0.1516,0.1884,0.001786,False
E07000123,Preston,Always affordable,2027,0.1718,0.1533,0.1902,0.001786,False
E07000123,Preston,Always affordable,2028,0.1736,0.1551,0.192,0.001786,False
E07000124,Ribble Valley,Always affordable,2026,0.16,0.1439,0.1761,0.001429,False
E07000124,Ribble Valley,Always affordable,2027,0.1614,0.1453,0.1776,0.001429,False
E07000124,Ribble Valley,Always affordable,2028,0.1629,0.1467,0.179,0.001429,False
E07000125,Rossendale,Always affordable,2026,0.1843,0.1712,0.1973,-0.003571,False
E07000125,Rossendale,Always affordable,2027,0.1807,0.1677,0.1938,-0.003571,False
E07000125,Rossendale,Always affordable,2028,0.1771,0.1641,0.1902,-0.003571,False
E07000126,South Ribble,Always affordable,2026,0.1543,0.1361,0.1725,-0.002143,False
E07000126,South Ribble,Always affordable,2027,0.1521,0.1339,0.1703,-0.002143,False
E07000126,South Ribble,Always affordable,2028,0.15,0.1318,0.1682,-0.002143,False
E07000127,West Lancashire,Always affordable,2026,0.1614,0.1485,0.1743,0.001071,False
E07000127,West Lancashire,Always affordable,2027,0.1625,0.1496,0.1754,0.001071,False
E07000127,West Lancashire,Always affordable,2028,0.1636,0.1507,0.1765,0.001071,False
E07000128,Wyre,Always affordable,2026,0.1529,0.1413,0.1644,-0.0025,False
E07000128,Wyre,Always affordable,2027,0.1504,0.1388,0.1619,-0.0025,False
E07000128,Wyre,Always affordable,2028,0.1479,0.1363,0.1594,-0.0025,False
E07000129,Blaby,Always affordable,2026,0.2,0.1919,0.2081,-0.000357,False
E07000129,Blaby,Always affordable,2027,0.1996,0.1915,0.2078,-0.000357,False
E07000129,Blaby,Always affordable,2028,0.1993,0.1912,0.2074,-0.000357,False
E07000130,Charnwood,Always affordable,2026,0.1943,0.1857,0.2029,0.002857,False
E07000130,Charnwood,Always affordable,2027,0.1971,0.1886,0.2057,0.002857,False
E07000130,Charnwood,Always affordable,2028,0.2,0.1914,0.2086,0.002857,False
E07000131,Harborough,Always affordable,2026,0.2074,0.1807,0.2342,0.001571,False
E07000131,Harborough,Always affordable,2027,0.209,0.1822,0.2358,0.001571,False
E07000131,Harborough,Always affordable,2028,0.2106,0.1838,0.2373,0.001571,False
E07000132,Hinckley and Bosworth,Always affordable,2026,0.2129,0.1967,0.229,0.003929,False
E07000132,Hinckley and Bosworth,Always affordable,2027,0.2168,0.2007,0.2329,0.003929,False
E07000132,Hinckley and Bosworth,Always affordable,2028,0.2207,0.2046,0.2368,0.003929,False
E07000133,Melton,Always affordable,2026,0.1786,0.1582,0.1989,-0.002857,False
E07000133,Melton,Always affordable,2027,0.1757,0.1554,0.1961,-0.002857,False
E07000133,Melton,Always affordable,2028,0.1729,0.1525,0.1932,-0.002857,False
E07000134,North West Leicestershire,Always affordable,2026,0.1786,0.1729,0.1843,0.000357,False
E07000134,North West Leicestershire,Always affordable,2027,0.1789,0.1732,0.1846,0.000357,False
E07000134,North West Leicestershire,Always affordable,2028,0.1793,0.1736,0.185,0.000357,False
E07000135,Oadby and Wigston,Always affordable,2026,0.2229,0.2063,0.2394,-0.005357,False
E07000135,Oadby and Wigston,Always affordable,2027,0.2175,0.201,0.234,-0.005357,False
E07000135,Oadby and Wigston,Always affordable,2028,0.2121,0.1956,0.2287,-0.005357,False
E07000136,Boston,Always affordable,2026,0.23,0.2197,0.2403,0.003214,False
E07000136,Boston,Always affordable,2027,0.2332,0.2229,0.2435,0.003214,False
E07000136,Boston,Always affordable,2028,0.2364,0.2261,0.2467,0.003214,False
E07000137,East Lindsey,Always affordable,2026,0.1855,0.1778,0.1931,0.002112,False
E07000137,East Lindsey,Always affordable,2027,0.1876,0.1799,0.1952,0.002112,False
E07000137,East Lindsey,Always affordable,2028,0.1897,0.1821,0.1973,0.002112,False
E07000138,Lincoln,Always affordable,2026,0.2129,0.1927,0.233,0.003571,False
E07000138,Lincoln,Always affordable,2027,0.2164,0.1963,0.2365,0.003571,False
E07000138,Lincoln,Always affordable,2028,0.22,0.1999,0.2401,0.003571,False
E07000139,North Kesteven,Always affordable,2026,0.1665,0.1578,0.1752,-0.000435,False
E07000139,North Kesteven,Always affordable,2027,0.1661,0.1574,0.1748,-0.000435,False
E07000139,North Kesteven,Always affordable,2028,0.1657,0.1569,0.1744,-0.000435,False
E07000140,South Holland,Always affordable,2026,0.2043,0.194,0.2146,0.001786,False
E07000140,South Holland,Always affordable,2027,0.2061,0.1958,0.2164,0.001786,False
E07000140,South Holland,Always affordable,2028,0.2079,0.1976,0.2182,0.001786,False
E07000141,South Kesteven,Always affordable,2026,0.18,0.1572,0.2028,-0.003571,False
E07000141,South Kesteven,Always affordable,2027,0.1764,0.1537,0.1992,-0.003571,False
E07000141,South Kesteven,Always affordable,2028,0.1729,0.1501,0.1956,-0.003571,False
E07000142,West Lindsey,Always affordable,2026,0.1473,0.1386,0.1561,-0.001714,False
E07000142,West Lindsey,Always affordable,2027,0.1456,0.1368,0.1544,-0.001714,False
E07000142,West Lindsey,Always affordable,2028,0.1439,0.1351,0.1527,-0.001714,False
E07000143,Breckland,Always affordable,2026,0.2229,0.205,0.2408,0.0025,False
E07000143,Breckland,Always affordable,2027,0.2254,0.2075,0.2433,0.0025,False
E07000143,Breckland,Always affordable,2028,0.2279,0.21,0.2458,0.0025,False
E07000144,Broadland,Always affordable,2026,0.2029,0.1937,0.212,-0.002143,False
E07000144,Broadland,Always affordable,2027,0.2007,0.1916,0.2099,-0.002143,False
E07000144,Broadland,Always affordable,2028,0.1986,0.1894,0.2077,-0.002143,False
E07000145,Great Yarmouth,Always affordable,2026,0.1886,0.1797,0.1975,0.005357,False
E07000145,Great Yarmouth,Always affordable,2027,0.1939,0.185,0.2028,0.005357,False
E07000145,Great Yarmouth,Always affordable,2028,0.1993,0.1904,0.2082,0.005357,False
E07000146,King's Lynn and West Norfolk,Always affordable,2026,0.2071,0.199,0.2153,0.004286,False
E07000146,King's Lynn and West Norfolk,Always affordable,2027,0.2114,0.2033,0.2196,0.004286,False
E07000146,King's Lynn and West Norfolk,Always affordable,2028,0.2157,0.2075,0.2239,0.004286,False
E07000147,North Norfolk,Always affordable,2026,0.2267,0.2143,0.2391,0.005714,False
E07000147,North Norfolk,Always affordable,2027,0.2324,0.22,0.2448,0.005714,False
E07000147,North Norfolk,Always affordable,2028,0.2381,0.2257,0.2505,0.005714,False
E07000148,Norwich,Always affordable,2026,0.26,0.2479,0.2721,0.0075,False
E07000148,Norwich,Always affordable,2027,0.2675,0.2554,0.2796,0.0075,False
E07000148,Norwich,Always affordable,2028,0.275,0.2629,0.2871,0.0075,False
E07000149,South Norfolk,Always affordable,2026,0.1914,0.1825,0.2003,-0.005357,False
E07000149,South Norfolk,Always affordable,2027,0.1861,0.1772,0.195,-0.005357,False
E07000149,South Norfolk,Always affordable,2028,0.1807,0.1718,0.1896,-0.005357,False
E07000170,Ashfield,Always affordable,2026,0.1924,0.181,0.2038,0.001429,False
E07000170,Ashfield,Always affordable,2027,0.1938,0.1824,0.2052,0.001429,False
E07000170,Ashfield,Always affordable,2028,0.1952,0.1838,0.2066,0.001429,False
E07000171,Bassetlaw,Always affordable,2026,0.1743,0.1633,0.1853,0.002857,False
E07000171,Bassetlaw,Always affordable,2027,0.1771,0.1662,0.1881,0.002857,False
E07000171,Bassetlaw,Always affordable,2028,0.18,0.169,0.191,0.002857,False
E07000172,Broxtowe,Always affordable,2026,0.2047,0.1927,0.2167,-0.000571,False
E07000172,Broxtowe,Always affordable,2027,0.2041,0.1921,0.2161,-0.000571,False
E07000172,Broxtowe,Always affordable,2028,0.2035,0.1915,0.2155,-0.000571,False
E07000173,Gedling,Always affordable,2026,0.1929,0.1709,0.2148,0.001071,False
E07000173,Gedling,Always affordable,2027,0.1939,0.172,0.2159,0.001071,False
E07000173,Gedling,Always affordable,2028,0.195,0.1731,0.2169,0.001071,False
E07000174,Mansfield,Always affordable,2026,0.1743,0.1517,0.1968,-0.004286,False
E07000174,Mansfield,Always affordable,2027,0.17,0.1475,0.1925,-0.004286,False
E07000174,Mansfield,Always affordable,2028,0.1657,0.1432,0.1883,-0.004286,False
E07000175,Newark and Sherwood,Always affordable,2026,0.16,0.1461,0.1739,-0.005714,False
E07000175,Newark and Sherwood,Always affordable,2027,0.1543,0.1404,0.1682,-0.005714,False
E07000175,Newark and Sherwood,Always affordable,2028,0.1486,0.1346,0.1625,-0.005714,False
E07000176,Rushcliffe,Always affordable,2026,0.2145,0.189,0.2401,0.008214,False
E07000176,Rushcliffe,Always affordable,2027,0.2227,0.1972,0.2483,0.008214,False
E07000176,Rushcliffe,Always affordable,2028,0.231,0.2054,0.2565,0.008214,False
E07000177,Cherwell,Always affordable,2026,0.2707,0.2551,0.2862,0.008286,False
E07000177,Cherwell,Always affordable,2027,0.279,0.2634,0.2945,0.008286,False
E07000177,Cherwell,Always affordable,2028,0.2872,0.2717,0.3028,0.008286,False
E07000178,Oxford,Improving,2026,0.3471,0.311,0.3832,0.010357,True
E07000178,Oxford,Improving,2027,0.3575,0.3214,0.3936,0.010357,True
E07000178,Oxford,Improving,2028,0.3679,0.3318,0.404,0.010357,True
E07000179,South Oxfordshire,Always affordable,2026,0.2586,0.241,0.2762,0.002414,False
E07000179,South Oxfordshire,Always affordable,2027,0.261,0.2434,0.2786,0.002414,False
E07000179,South Oxfordshire,Always affordable,2028,0.2634,0.2459,0.281,0.002414,False
E07000180,Vale of White Horse,Always affordable,2026,0.2543,0.2357,0.2728,0.005,False
E07000180,Vale of White Horse,Always affordable,2027,0.2593,0.2407,0.2778,0.005,False
E07000180,Vale of White Horse,Always affordable,2028,0.2643,0.2457,0.2828,0.005,False
E07000181,West Oxfordshire,Always affordable,2026,0.2662,0.251,0.2814,0.003214,False
E07000181,West Oxfordshire,Always affordable,2027,0.2694,0.2542,0.2846,0.003214,False
E07000181,West Oxfordshire,Always affordable,2028,0.2726,0.2574,0.2878,0.003214,False
E07000192,Cannock Chase,Always affordable,2026,0.1871,0.179,0.1953,-0.000357,False
E07000192,Cannock Chase,Always affordable,2027,0.1868,0.1787,0.1949,-0.000357,False
E07000192,Cannock Chase,Always affordable,2028,0.1864,0.1783,0.1946,-0.000357,False
E07000193,East Staffordshire,Always affordable,2026,0.1914,0.1857,0.1971,0.003929,False
E07000193,East Staffordshire,Always affordable,2027,0.1954,0.1896,0.2011,0.003929,False
E07000193,East Staffordshire,Always affordable,2028,0.1993,0.1936,0.205,0.003929,False
E07000194,Lichfield,Always affordable,2026,0.2111,0.1907,0.2316,-0.000189,False
E07000194,Lichfield,Always affordable,2027,0.2109,0.1905,0.2314,-0.000189,False
E07000194,Lichfield,Always affordable,2028,0.2108,0.1903,0.2312,-0.000189,False
E07000195,Newcastle-under-Lyme,Always affordable,2026,0.1657,0.1494,0.182,-0.005357,False
E07000195,Newcastle-under-Lyme,Always affordable,2027,0.1604,0.144,0.1767,-0.005357,False
E07000195,Newcastle-under-Lyme,Always affordable,2028,0.155,0.1387,0.1713,-0.005357,False
E07000196,South Staffordshire,Always affordable,2026,0.1899,0.1714,0.2084,-0.00323,False
E07000196,South Staffordshire,Always affordable,2027,0.1866,0.1681,0.2051,-0.00323,False
E07000196,South Staffordshire,Always affordable,2028,0.1834,0.1649,0.2019,-0.00323,False
E07000197,Stafford,Always affordable,2026,0.1643,0.1527,0.1759,-0.004286,False
E07000197,Stafford,Always affordable,2027,0.16,0.1484,0.1716,-0.004286,False
E07000197,Stafford,Always affordable,2028,0.1557,0.1441,0.1673,-0.004286,False
E07000198,Staffordshire Moorlands,Always affordable,2026,0.1488,0.1429,0.1547,0.000776,False
E07000198,Staffordshire Moorlands,Always affordable,2027,0.1496,0.1437,0.1555,0.000776,False
E07000198,Staffordshire Moorlands,Always affordable,2028,0.1503,0.1445,0.1562,0.000776,False
E07000199,Tamworth,Always affordable,2026,0.1971,0.1911,0.2032,-0.009286,False
E07000199,Tamworth,Always affordable,2027,0.1879,0.1818,0.1939,-0.009286,False
E07000199,Tamworth,Always affordable,2028,0.1786,0.1725,0.1846,-0.009286,False
E07000200,Babergh,Always affordable,2026,0.2414,0.2226,0.2602,0.0025,False
E07000200,Babergh,Always affordable,2027,0.2439,0.2251,0.2627,0.0025,False
E07000200,Babergh,Always affordable,2028,0.2464,0.2276,0.2652,0.0025,False
E07000202,Ipswich,Always affordable,2026,0.2329,0.215,0.2508,0.0075,False
E07000202,Ipswich,Always affordable,2027,0.2404,0.2225,0.2583,0.0075,False
E07000202,Ipswich,Always affordable,2028,0.2479,0.23,0.2658,0.0075,False
E07000203,Mid Suffolk,Always affordable,2026,0.2129,0.1827,0.243,0.000357,False
E07000203,Mid Suffolk,Always affordable,2027,0.2132,0.1831,0.2434,0.000357,False
E07000203,Mid Suffolk,Always affordable,2028,0.2136,0.1834,0.2437,0.000357,False
E07000207,Elmbridge,Always affordable,2026,0.2929,0.2713,0.3146,0.003679,False
E07000207,Elmbridge,Always affordable,2027,0.2966,0.2749,0.3183,0.003679,False
E07000207,Elmbridge,Always affordable,2028,0.3003,0.2786,0.322,0.003679,True
E07000208,Epsom and Ewell,Deteriorating,2026,0.2887,0.2494,0.3279,-0.013714,False
E07000208,Epsom and Ewell,Deteriorating,2027,0.275,0.2357,0.3142,-0.013714,False
E07000208,Epsom and Ewell,Deteriorating,2028,0.2612,0.222,0.3005,-0.013714,False
E07000209,Guildford,Always affordable,2026,0.2811,0.2553,0.307,0.002571,False
E07000209,Guildford,Always affordable,2027,0.2837,0.2579,0.3096,0.002571,False
E07000209,Guildford,Always affordable,2028,0.2863,0.2604,0.3121,0.002571,False
E07000210,Mole Valley,Deteriorating,2026,0.3058,0.2855,0.326,0.008208,True
E07000210,Mole Valley,Deteriorating,2027,0.314,0.2937,0.3342,0.008208,True
E07000210,Mole Valley,Deteriorating,2028,0.3222,0.3019,0.3424,0.008208,True
E07000211,Reigate and Banstead,Deteriorating,2026,0.3271,0.2952,0.3591,0.0125,True
E07000211,Reigate and Banstead,Deteriorating,2027,0.3396,0.3077,0.3716,0.0125,True
E07000211,Reigate and Banstead,Deteriorating,2028,0.3521,0.3202,0.3841,0.0125,True
E07000212,Runnymede,Always affordable,2026,0.2971,0.28,0.3143,0.013929,False
E07000212,Runnymede,Always affordable,2027,0.3111,0.2939,0.3282,0.013929,True
E07000212,Runnymede,Always affordable,2028,0.325,0.3079,0.3421,0.013929,True
E07000213,Spelthorne,Deteriorating,2026,0.3371,0.316,0.3583,0.011786,True
E07000213,Spelthorne,Deteriorating,2027,0.3489,0.3278,0.3701,0.011786,True
E07000213,Spelthorne,Deteriorating,2028,0.3607,0.3396,0.3819,0.011786,True
E07000215,Tandridge,Improving,2026,0.3143,0.2924,0.3362,0.002143,True
E07000215,Tandridge,Improving,2027,0.3164,0.2946,0.3383,0.002143,True
E07000215,Tandridge,Improving,2028,0.3186,0.2967,0.3404,0.002143,True
E07000216,Waverley,Deteriorating,2026,0.262,0.2268,0.2972,-0.005143,False
E07000216,Waverley,Deteriorating,2027,0.2569,0.2217,0.2921,-0.005143,False
E07000216,Waverley,Deteriorating,2028,0.2517,0.2165,0.2869,-0.005143,False
E07000217,Woking,Deteriorating,2026,0.3246,0.3026,0.3465,0.010811,True
E07000217,Woking,Deteriorating,2027,0.3354,0.3135,0.3574,0.010811,True
E07000217,Woking,Deteriorating,2028,0.3462,0.3243,0.3682,0.010811,True
E07000218,North Warwickshire,Always affordable,2026,0.2083,0.1977,0.2189,0.003095,False
E07000218,North Warwickshire,Always affordable,2027,0.2114,0.2008,0.222,0.003095,False
E07000218,North Warwickshire,Always affordable,2028,0.2145,0.2039,0.2251,0.003095,False
E07000219,Nuneaton and Bedworth,Always affordable,2026,0.2071,0.1906,0.2237,0.0025,False
E07000219,Nuneaton and Bedworth,Always affordable,2027,0.2096,0.1931,0.2262,0.0025,False
E07000219,Nuneaton and Bedworth,Always affordable,2028,0.2121,0.1956,0.2287,0.0025,False
E07000220,Rugby,Always affordable,2026,0.1878,0.172,0.2035,0.001863,False
E07000220,Rugby,Always affordable,2027,0.1896,0.1739,0.2054,0.001863,False
E07000220,Rugby,Always affordable,2028,0.1915,0.1758,0.2072,0.001863,False
E07000221,Stratford-on-Avon,Always affordable,2026,0.2313,0.2142,0.2484,0.000857,False
E07000221,Stratford-on-Avon,Always affordable,2027,0.2322,0.2151,0.2493,0.000857,False
E07000221,Stratford-on-Avon,Always affordable,2028,0.233,0.216,0.2501,0.000857,False
E07000222,Warwick,Always affordable,2026,0.2371,0.2185,0.2558,0.004643,False
E07000222,Warwick,Always affordable,2027,0.2418,0.2232,0.2604,0.004643,False
E07000222,Warwick,Always affordable,2028,0.2464,0.2278,0.2651,0.004643,False
E07000223,Adur,Deteriorating,2026,0.32,0.2931,0.3469,0.005,True
E07000223,Adur,Deteriorating,2027,0.325,0.2981,0.3519,0.005,True
E07000223,Adur,Deteriorating,2028,0.33,0.3031,0.3569,0.005,True
E07000224,Arun,Always affordable,2026,0.2827,0.2637,0.3016,0.008857,False
E07000224,Arun,Always affordable,2027,0.2915,0.2726,0.3104,0.008857,False
E07000224,Arun,Always affordable,2028,0.3004,0.2815,0.3193,0.008857,True
E07000225,Chichester,Deteriorating,2026,0.32,0.2947,0.3453,0.010714,True
E07000225,Chichester,Deteriorating,2027,0.3307,0.3054,0.356,0.010714,True
E07000225,Chichester,Deteriorating,2028,0.3414,0.3162,0.3667,0.010714,True
E07000226,Crawley,Deteriorating,2026,0.3129,0.2937,0.332,0.0125,True
E07000226,Crawley,Deteriorating,2027,0.3254,0.3062,0.3445,0.0125,True
E07000226,Crawley,Deteriorating,2028,0.3379,0.3187,0.357,0.0125,True
E07000227,Horsham,Always affordable,2026,0.2721,0.2562,0.2881,-0.000714,False
E07000227,Horsham,Always affordable,2027,0.2714,0.2554,0.2874,-0.000714,False
E07000227,Horsham,Always affordable,2028,0.2707,0.2547,0.2867,-0.000714,False
E07000228,Mid Sussex,Always affordable,2026,0.2657,0.2523,0.2792,0.0,False
E07000228,Mid Sussex,Always affordable,2027,0.2657,0.2523,0.2792,0.0,False
E07000228,Mid Sussex,Always affordable,2028,0.2657,0.2523,0.2792,0.0,False
E07000229,Worthing,Always affordable,2026,0.3029,0.2797,0.326,0.011786,True
E07000229,Worthing,Always affordable,2027,0.3146,0.2915,0.3378,0.011786,True
E07000229,Worthing,Always affordable,2028,0.3264,0.3033,0.3495,0.011786,True
E07000234,Bromsgrove,Always affordable,2026,0.1963,0.1876,0.2049,0.003106,False
E07000234,Bromsgrove,Always affordable,2027,0.1994,0.1907,0.208,0.003106,False
E07000234,Bromsgrove,Always affordable,2028,0.2025,0.1938,0.2111,0.003106,False
E07000235,Malvern Hills,Always affordable,2026,0.1914,0.1739,0.2089,-0.0075,False
E07000235,Malvern Hills,Always affordable,2027,0.1839,0.1664,0.2014,-0.0075,False
E07000235,Malvern Hills,Always affordable,2028,0.1764,0.1589,0.1939,-0.0075,False
E07000236,Redditch,Always affordable,2026,0.2071,0.179,0.2353,0.003571,False
E07000236,Redditch,Always affordable,2027,0.2107,0.1826,0.2389,0.003571,False
E07000236,Redditch,Always affordable,2028,0.2143,0.1861,0.2424,0.003571,False
E07000237,Worcester,Always affordable,2026,0.2114,0.1966,0.2263,0.003929,False
E07000237,Worcester,Always affordable,2027,0.2154,0.2005,0.2302,0.003929,False
E07000237,Worcester,Always affordable,2028,0.2193,0.2045,0.2341,0.003929,False
E07000238,Wychavon,Always affordable,2026,0.22,0.2045,0.2355,0.004286,False
E07000238,Wychavon,Always affordable,2027,0.2243,0.2088,0.2398,0.004286,False
E07000238,Wychavon,Always affordable,2028,0.2286,0.2131,0.2441,0.004286,False
E07000239,Wyre Forest,Always affordable,2026,0.2012,0.1891,0.2134,0.002298,False
E07000239,Wyre Forest,Always affordable,2027,0.2035,0.1914,0.2157,0.002298,False
E07000239,Wyre Forest,Always affordable,2028,0.2058,0.1937,0.218,0.002298,False
E07000240,St Albans,Deteriorating,2026,0.2729,0.2314,0.3144,-0.000714,False
E07000240,St Albans,Deteriorating,2027,0.2721,0.2306,0.3136,-0.000714,False
E07000240,St Albans,Deteriorating,2028,0.2714,0.2299,0.3129,-0.000714,False
E07000241,Welwyn Hatfield,Always affordable,2026,0.2827,0.2744,0.2911,0.011056,False
E07000241,Welwyn Hatfield,Always affordable,2027,0.2938,0.2855,0.3021,0.011056,False
E07000241,Welwyn Hatfield,Always affordable,2028,0.3048,0.2965,0.3132,0.011056,True
E07000242,East Hertfordshire,Always affordable,2026,0.248,0.2346,0.2614,0.001744,False
E07000242,East Hertfordshire,Always affordable,2027,0.2498,0.2364,0.2632,0.001744,False
E07000242,East Hertfordshire,Always affordable,2028,0.2515,0.2381,0.2649,0.001744,False
E07000243,Stevenage,Always affordable,2026,0.2981,0.2729,0.3234,0.015857,False
E07000243,Stevenage,Always affordable,2027,0.314,0.2888,0.3392,0.015857,True
E07000243,Stevenage,Always affordable,2028,0.3299,0.3046,0.3551,0.015857,True
E08000001,Bolton,Always affordable,2026,0.2129,0.2002,0.2255,0.005714,False
E08000001,Bolton,Always affordable,2027,0.2186,0.2059,0.2312,0.005714,False
E08000001,Bolton,Always affordable,2028,0.2243,0.2116,0.237,0.005714,False
E08000002,Bury,Always affordable,2026,0.23,0.2143,0.2457,0.007143,False
E08000002,Bury,Always affordable,2027,0.2371,0.2214,0.2529,0.007143,False
E08000002,Bury,Always affordable,2028,0.2443,0.2286,0.26,0.007143,False
E08000003,Manchester,Deteriorating,2026,0.3386,0.3123,0.3649,0.020714,True
E08000003,Manchester,Deteriorating,2027,0.3593,0.333,0.3856,0.020714,True
E08000003,Manchester,Deteriorating,2028,0.38,0.3537,0.4063,0.020714,True
E08000004,Oldham,Always affordable,2026,0.2157,0.2069,0.2245,0.003571,False
E08000004,Oldham,Always affordable,2027,0.2193,0.2105,0.2281,0.003571,False
E08000004,Oldham,Always affordable,2028,0.2229,0.2141,0.2316,0.003571,False
E08000005,Rochdale,Always affordable,2026,0.1857,0.1707,0.2008,0.000357,False
E08000005,Rochdale,Always affordable,2027,0.1861,0.171,0.2011,0.000357,False
E08000005,Rochdale,Always affordable,2028,0.1864,0.1714,0.2015,0.000357,False
E08000006,Salford,Always affordable,2026,0.2871,0.2712,0.3031,0.008214,False
E08000006,Salford,Always affordable,2027,0.2954,0.2794,0.3113,0.008214,False
E08000006,Salford,Always affordable,2028,0.3036,0.2877,0.3195,0.008214,True
E08000007,Stockport,Always affordable,2026,0.2429,0.2283,0.2575,0.008214,False
E08000007,Stockport,Always affordable,2027,0.2511,0.2365,0.2657,0.008214,False
E08000007,Stockport,Always affordable,2028,0.2593,0.2447,0.2739,0.008214,False
E08000008,Tameside,Always affordable,2026,0.2316,0.2135,0.2496,0.005429,False
E08000008,Tameside,Always affordable,2027,0.237,0.2189,0.2551,0.005429,False
E08000008,Tameside,Always affordable,2028,0.2424,0.2244,0.2605,0.005429,False
E08000009,Trafford,Always affordable,2026,0.28,0.2606,0.2994,0.01,False
E08000009,Trafford,Always affordable,2027,0.29,0.2706,0.3094,0.01,False
E08000009,Trafford,Always affordable,2028,0.3,0.2806,0.3194,0.01,True
E08000010,Wigan,Always affordable,2026,0.1586,0.1515,0.1657,-0.002143,False
E08000010,Wigan,Always affordable,2027,0.1564,0.1493,0.1635,-0.002143,False
E08000010,Wigan,Always affordable,2028,0.1543,0.1472,0.1614,-0.002143,False
E08000011,Knowsley,Always affordable,2026,0.1771,0.1583,0.1959,0.001071,False
E08000011,Knowsley,Always affordable,2027,0.1782,0.1594,0.197,0.001071,False
E08000011,Knowsley,Always affordable,2028,0.1793,0.1605,0.1981,0.001071,False
E08000012,Liverpool,Always affordable,2026,0.2157,0.2089,0.2225,0.0075,False
E08000012,Liverpool,Always affordable,2027,0.2232,0.2164,0.23,0.0075,False
E08000012,Liverpool,Always affordable,2028,0.2307,0.2239,0.2375,0.0075,False
E08000013,St. Helens,Always affordable,2026,0.1871,0.1728,0.2015,0.004643,False
E08000013,St. Helens,Always affordable,2027,0.1918,0.1774,0.2062,0.004643,False
E08000013,St. Helens,Always affordable,2028,0.1964,0.1821,0.2108,0.004643,False
E08000014,Sefton,Always affordable,2026,0.1817,0.169,0.1943,0.003602,False
E08000014,Sefton,Always affordable,2027,0.1853,0.1726,0.1979,0.003602,False
E08000014,Sefton,Always affordable,2028,0.1889,0.1762,0.2015,0.003602,False
E08000015,Wirral,Always affordable,2026,0.1671,0.1542,0.18,0.001071,False
E08000015,Wirral,Always affordable,2027,0.1682,0.1553,0.1811,0.001071,False
E08000015,Wirral,Always affordable,2028,0.1693,0.1564,0.1822,0.001071,False
E08000017,Doncaster,Always affordable,2026,0.1486,0.1389,0.1582,-0.005357,False
E08000017,Doncaster,Always affordable,2027,0.1432,0.1336,0.1528,-0.005357,False
E08000017,Doncaster,Always affordable,2028,0.1379,0.1282,0.1475,-0.005357,False
E08000018,Rotherham,Always affordable,2026,0.1529,0.1385,0.1672,-0.003214,False
E08000018,Rotherham,Always affordable,2027,0.1496,0.1353,0.164,-0.003214,False
E08000018,Rotherham,Always affordable,2028,0.1464,0.1321,0.1608,-0.003214,False
E08000021,Newcastle upon Tyne,Always affordable,2026,0.2471,0.2365,0.2578,0.009643,False
E08000021,Newcastle upon Tyne,Always affordable,2027,0.2568,0.2462,0.2674,0.009643,False
E08000021,Newcastle upon Tyne,Always affordable,2028,0.2664,0.2558,0.2771,0.009643,False
E08000022,North Tyneside,Always affordable,2026,0.1757,0.1644,0.187,0.002857,False
E08000022,North Tyneside,Always affordable,2027,0.1786,0.1673,0.1898,0.002857,False
E08000022,North Tyneside,Always affordable,2028,0.1814,0.1702,0.1927,0.002857,False
E08000023,South Tyneside,Always affordable,2026,0.16,0.1502,0.1698,-0.003571,False
E08000023,South Tyneside,Always affordable,2027,0.1564,0.1466,0.1663,-0.003571,False
E08000023,South Tyneside,Always affordable,2028,0.1529,0.143,0.1627,-0.003571,False
E08000024,Sunderland,Always affordable,2026,0.1786,0.1673,0.1898,0.000357,False
E08000024,Sunderland,Always affordable,2027,0.1789,0.1677,0.1902,0.000357,False
E08000024,Sunderland,Always affordable,2028,0.1793,0.1681,0.1905,0.000357,False
E08000025,Birmingham,Always affordable,2026,0.2686,0.2452,0.292,0.010357,False
E08000025,Birmingham,Always affordable,2027,0.2789,0.2555,0.3023,0.010357,False
E08000025,Birmingham,Always affordable,2028,0.2893,0.2659,0.3127,0.010357,False
E08000026,Coventry,Always affordable,2026,0.2443,0.2258,0.2627,0.011786,False
E08000026,Coventry,Always affordable,2027,0.2561,0.2376,0.2745,0.011786,False
E08000026,Coventry,Always affordable,2028,0.2679,0.2494,0.2863,0.011786,False
E08000027,Dudley,Always affordable,2026,0.2086,0.2015,0.2157,0.007857,False
E08000027,Dudley,Always affordable,2027,0.2164,0.2093,0.2235,0.007857,False
E08000027,Dudley,Always affordable,2028,0.2243,0.2172,0.2314,0.007857,False
E08000028,Sandwell,Always affordable,2026,0.2386,0.2276,0.2495,0.008929,False
E08000028,Sandwell,Always affordable,2027,0.2475,0.2366,0.2584,0.008929,False
E08000028,Sandwell,Always affordable,2028,0.2564,0.2455,0.2674,0.008929,False
E08000029,Solihull,Always affordable,2026,0.2257,0.1993,0.2521,0.004286,False
E08000029,Solihull,Always affordable,2027,0.23,0.2036,0.2564,0.004286,False
E08000029,Solihull,Always affordable,2028,0.2343,0.2079,0.2607,0.004286,False
E08000030,Walsall,Always affordable,2026,0.2186,0.2042,0.2329,0.008214,False
E08000030,Walsall,Always affordable,2027,0.2268,0.2124,0.2412,0.008214,False
E08000030,Walsall,Always affordable,2028,0.235,0.2206,0.2494,0.008214,False
E08000031,Wolverhampton,Always affordable,2026,0.2071,0.2028,0.2115,0.004643,False
E08000031,Wolverhampton,Always affordable,2027,0.2118,0.2074,0.2162,0.004643,False
E08000031,Wolverhampton,Always affordable,2028,0.2164,0.212,0.2208,0.004643,False
E08000032,Bradford,Always affordable,2026,0.1886,0.1735,0.2037,0.004286,False
E08000032,Bradford,Always affordable,2027,0.1929,0.1778,0.2079,0.004286,False
E08000032,Bradford,Always affordable,2028,0.1971,0.1821,0.2122,0.004286,False
E08000033,Calderdale,Always affordable,2026,0.1729,0.1636,0.1821,0.0025,False
E08000033,Calderdale,Always affordable,2027,0.1754,0.1661,0.1846,0.0025,False
E08000033,Calderdale,Always affordable,2028,0.1779,0.1686,0.1871,0.0025,False
E08000034,Kirklees,Always affordable,2026,0.1843,0.168,0.2006,0.005357,False
E08000034,Kirklees,Always affordable,2027,0.1896,0.1733,0.206,0.005357,False
E08000034,Kirklees,Always affordable,2028,0.195,0.1787,0.2113,0.005357,False
E08000035,Leeds,Always affordable,2026,0.2557,0.2378,0.2736,0.01,False
E08000035,Leeds,Always affordable,2027,0.2657,0.2478,0.2836,0.01,False
E08000035,Leeds,Always affordable,2028,0.2757,0.2578,0.2936,0.01,False
E08000036,Wakefield,Always affordable,2026,0.1914,0.1833,0.1996,0.001786,False
E08000036,Wakefield,Always affordable,2027,0.1932,0.1851,0.2013,0.001786,False
E08000036,Wakefield,Always affordable,2028,0.195,0.1869,0.2031,0.001786,False
E08000037,Gateshead,Always affordable,2026,0.19,0.1797,0.2003,-0.001786,False
E08000037,Gateshead,Always affordable,2027,0.1882,0.1779,0.1985,-0.001786,False
E08000037,Gateshead,Always affordable,2028,0.1864,0.1761,0.1967,-0.001786,False
E09000002,Barking and Dagenham,Improving,2026,0.417,0.3742,0.4598,0.021,True
E09000002,Barking and Dagenham,Improving,2027,0.438,0.3952,0.4808,0.021,True
E09000002,Barking and Dagenham,Improving,2028,0.459,0.4162,0.5018,0.021,True
E09000003,Barnet,Always high pressure,2026,0.3743,0.3446,0.404,0.006071,True
E09000003,Barnet,Always high pressure,2027,0.3804,0.3507,0.4101,0.006071,True
E09000003,Barnet,Always high pressure,2028,0.3864,0.3567,0.4161,0.006071,True
E09000004,Bexley,Deteriorating,2026,0.3343,0.3094,0.3592,0.008929,True
E09000004,Bexley,Deteriorating,2027,0.3432,0.3183,0.3681,0.008929,True
E09000004,Bexley,Deteriorating,2028,0.3521,0.3272,0.3771,0.008929,True
E09000005,Brent,Improving,2026,0.49,0.414,0.566,0.030357,True
E09000005,Brent,Improving,2027,0.5204,0.4444,0.5964,0.030357,True
E09000005,Brent,Improving,2028,0.5507,0.4747,0.6267,0.030357,True
E09000006,Bromley,Deteriorating,2026,0.3187,0.2975,0.3398,0.007714,True
E09000006,Bromley,Deteriorating,2027,0.3264,0.3052,0.3476,0.007714,True
E09000006,Bromley,Deteriorating,2028,0.3341,0.3129,0.3553,0.007714,True
E09000007,Camden,Improving,2026,0.5071,0.4447,0.5696,0.029643,True
E09000007,Camden,Improving,2027,0.5368,0.4743,0.5993,0.029643,True
E09000007,Camden,Improving,2028,0.5664,0.5039,0.6289,0.029643,True
E09000008,Croydon,Deteriorating,2026,0.34,0.3194,0.3606,0.013571,True
E09000008,Croydon,Deteriorating,2027,0.3536,0.333,0.3742,0.013571,True
E09000008,Croydon,Deteriorating,2028,0.3671,0.3465,0.3877,0.013571,True
E09000009,Ealing,Always high pressure,2026,0.4486,0.4123,0.4848,0.017857,True
E09000009,Ealing,Always high pressure,2027,0.4664,0.4302,0.5027,0.017857,True
E09000009,Ealing,Always high pressure,2028,0.4843,0.448,0.5205,0.017857,True
E09000010,Enfield,Improving,2026,0.3486,0.3121,0.385,0.002143,True
E09000010,Enfield,Improving,2027,0.3507,0.3143,0.3871,0.002143,True
E09000010,Enfield,Improving,2028,0.3529,0.3164,0.3893,0.002143,True
E09000011,Greenwich,Deteriorating,2026,0.4196,0.3926,0.4467,0.020286,True
E09000011,Greenwich,Deteriorating,2027,0.4399,0.4128,0.467,0.020286,True
E09000011,Greenwich,Deteriorating,2028,0.4602,0.4331,0.4873,0.020286,True
E09000012,Hackney,Always high pressure,2026,0.4714,0.4229,0.52,0.017857,True
E09000012,Hackney,Always high pressure,2027,0.4893,0.4407,0.5378,0.017857,True
E09000012,Hackney,Always high pressure,2028,0.5071,0.4586,0.5557,0.017857,True
E09000013,Hammersmith and Fulham,Always high pressure,2026,0.4843,0.4398,0.5287,0.023571,True
E09000013,Hammersmith and Fulham,Always high pressure,2027,0.5079,0.4634,0.5523,0.023571,True
E09000013,Hammersmith and Fulham,Always high pressure,2028,0.5314,0.487,0.5759,0.023571,True
E09000014,Haringey,Improving,2026,0.4512,0.4143,0.4881,0.018214,True
E09000014,Haringey,Improving,2027,0.4694,0.4325,0.5063,0.018214,True
E09000014,Haringey,Improving,2028,0.4876,0.4507,0.5245,0.018214,True
E09000015,Harrow,Improving,2026,0.3437,0.3055,0.3818,0.00528,True
E09000015,Harrow,Improving,2027,0.3489,0.3108,0.3871,0.00528,True
E09000015,Harrow,Improving,2028,0.3542,0.3161,0.3924,0.00528,True
E09000016,Havering,Deteriorating,2026,0.3143,0.3028,0.3258,0.009643,True
E09000016,Havering,Deteriorating,2027,0.3239,0.3124,0.3355,0.009643,True
E09000016,Havering,Deteriorating,2028,0.3336,0.322,0.3451,0.009643,True
E09000017,Hillingdon,Deteriorating,2026,0.3657,0.3459,0.3855,0.019286,True
E09000017,Hillingdon,Deteriorating,2027,0.385,0.3652,0.4048,0.019286,True
E09000017,Hillingdon,Deteriorating,2028,0.4043,0.3845,0.4241,0.019286,True
E09000018,Hounslow,Deteriorating,2026,0.4805,0.4481,0.5129,0.036786,True
E09000018,Hounslow,Deteriorating,2027,0.5173,0.4849,0.5497,0.036786,True
E09000018,Hounslow,Deteriorating,2028,0.554,0.5216,0.5864,0.036786,True
E09000019,Islington,Improving,2026,0.377,0.3108,0.4432,0.007,True
E09000019,Islington,Improving,2027,0.384,0.3178,0.4502,0.007,True
E09000019,Islington,Improving,2028,0.391,0.3248,0.4572,0.007,True
E09000020,Kensington and Chelsea,Improving,2026,0.5756,0.5191,0.632,0.009906,True
E09000020,Kensington and Chelsea,Improving,2027,0.5855,0.529,0.6419,0.009906,True
E09000020,Kensington and Chelsea,Improving,2028,0.5954,0.5389,0.6518,0.009906,True
E09000021,Kingston upon Thames,Improving,2026,0.3391,0.3131,0.365,0.005769,True
E09000021,Kingston upon Thames,Improving,2027,0.3448,0.3189,0.3708,0.005769,True
E09000021,Kingston upon Thames,Improving,2028,0.3506,0.3247,0.3766,0.005769,True
E09000022,Lambeth,Always high pressure,2026,0.4486,0.3985,0.4986,0.018929,True
E09000022,Lambeth,Always high pressure,2027,0.4675,0.4174,0.5176,0.018929,True
E09000022,Lambeth,Always high pressure,2028,0.4864,0.4364,0.5365,0.018929,True
E09000023,Lewisham,Improving,2026,0.38,0.3567,0.4033,0.011429,True
E09000023,Lewisham,Improving,2027,0.3914,0.3682,0.4147,0.011429,True
E09000023,Lewisham,Improving,2028,0.4029,0.3796,0.4261,0.011429,True
E09000024,Merton,Deteriorating,2026,0.3927,0.3492,0.4361,0.008857,True
E09000024,Merton,Deteriorating,2027,0.4015,0.3581,0.445,0.008857,True
E09000024,Merton,Deteriorating,2028,0.4104,0.3669,0.4538,0.008857,True
E09000025,Newham,Always high pressure,2026,0.4529,0.4278,0.4779,0.011786,True
E09000025,Newham,Always high pressure,2027,0.4646,0.4396,0.4897,0.011786,True
E09000025,Newham,Always high pressure,2028,0.4764,0.4514,0.5015,0.011786,True
E09000026,Redbridge,Improving,2026,0.3643,0.3283,0.4003,0.010357,True
E09000026,Redbridge,Improving,2027,0.3746,0.3386,0.4106,0.010357,True
E09000026,Redbridge,Improving,2028,0.385,0.349,0.421,0.010357,True
E09000027,Richmond upon Thames,Always high pressure,2026,0.3357,0.29,0.3814,-0.002857,True
E09000027,Richmond upon Thames,Always high pressure,2027,0.3329,0.2872,0.3785,-0.002857,True
E09000027,Richmond upon Thames,Always high pressure,2028,0.33,0.2843,0.3757,-0.002857,True
E09000028,Southwark,Deteriorating,2026,0.4857,0.4453,0.5261,0.03,True
E09000028,Southwark,Deteriorating,2027,0.5157,0.4753,0.5561,0.03,True
E09000028,Southwark,Deteriorating,2028,0.5457,0.5053,0.5861,0.03,True
E09000029,Sutton,Deteriorating,2026,0.3471,0.3271,0.3672,0.011071,True
E09000029,Sutton,Deteriorating,2027,0.3582,0.3382,0.3782,0.011071,True
E09000029,Sutton,Deteriorating,2028,0.3693,0.3493,0.3893,0.011071,True
E09000030,Tower Hamlets,Improving,2026,0.4414,0.3778,0.5051,0.021429,True
E09000030,Tower Hamlets,Improving,2027,0.4629,0.3992,0.5265,0.021429,True
E09000030,Tower Hamlets,Improving,2028,0.4843,0.4206,0.5479,0.021429,True
E09000031,Waltham Forest,Improving,2026,0.3771,0.3499,0.4044,0.010357,True
E09000031,Waltham Forest,Improving,2027,0.3875,0.3603,0.4147,0.010357,True
E09000031,Waltham Forest,Improving,2028,0.3979,0.3706,0.4251,0.010357,True
E09000032,Wandsworth,Always high pressure,2026,0.4343,0.3875,0.4811,0.009643,True
E09000032,Wandsworth,Always high pressure,2027,0.4439,0.3971,0.4908,0.009643,True
E09000032,Wandsworth,Always high pressure,2028,0.4536,0.4067,0.5004,0.009643,True
E09000033,Westminster,Improving,2026,0.6031,0.5191,0.6872,0.044571,True
E09000033,Westminster,Improving,2027,0.6477,0.5637,0.7317,0.044571,True
E09000033,Westminster,Improving,2028,0.6923,0.6083,0.7763,0.044571,True
